half_page_number,text,predicted_label,science_prob,source_file,clean_text,llm_topic,kw_shore,kw_ocean,kw_sea,kw_river,kw_lake,kw_pond,kw_stream,kw_creek,kw_wetland,kw_reservoir,kw_estuary,kw_gulf,kw_bay,kw_body_of_water,kw_bodies_of_water,keyword_count,keywords_found,document_link
181,"iven to those who press forward to the high
mark of making their calling and election sure, 361.
Recorded action of individual life, 610.
LOVE, an indication of celebral excitement. Could not
have existed in the garden of Eden between two
persons without a choice, 98.
LYING, a moral pestilence, 51.
M.
MAGIC, a word expressive of knowledge, but now used
falsely to express sacred power, 20.
MAN, perfectible, 20. The fountain to receive know-
ledge, 183. Necessity of being born again, 195. A
well-informed man never haughty, nor conceited, nor
turbulent, 195. Has not a natural faculty but in
which he is excelled by some other animal, 353.
His origin past all means of being traced, 353. In-
sane, 357.
MANNERS, perfectible, 20.
MATTER, has only a meaning in application to particu-
lars, no general or compounded meaning, 19.
MELCHIZEDEC, etymologically, a righteous king; but
mystically and by perversion, the union of kingcraft
and priestcraft, 340.
MICHAEL, a divine warrior; such as is now much
wanted, 340.
MIND, not subdued by fierceness, but by gentle
persuasion; past mind a Babel, 3. Synonymous
with soul or spirit, 18. Is bodily action; death
its extinction; living body improvable, 19.
Wants a fostering encouragement,
Some
minds may be shocked, and some mildly reasoned
into new views of things, 179. A personification,
50.
193.
MISSIONARY, sketch of a tract distributor, 56.
81.
MOON, has no influence on the tides of the ocean,
MORAL DISCIPLINE. Its essence is truth-telling, 52.
MO",1,0.9948179125785828,isis1832_njp-32101059455541-1746735414.txt,iven to those who press forward to the high mark of making their calling and election sure 361 recorded action of individual life 610 love an indication of celebral excitement could not have existed in the garden of eden between two persons without a choice 98 lying a moral pestilence 51 m magic a word expressive of knowledge but now used falsely to express sacred power 20 man perfectible 20 the fountain to receive know ledge 183 necessity of being born again 195 a wellinformed man never haughty nor conceited nor turbulent 195 has not a natural faculty but in which he is excelled by some other animal 353 his origin past all means of being traced 353 in sane 357 manners perfectible 20 matter has only a meaning in application to particu lars no general or compounded meaning 19 melchizedec etymologically a righteous king but mystically and by perversion the union of kingcraft and priestcraft 340 michael a divine warrior such as is now much wanted 340 mind not subdued by fierceness but by gentle persuasion past mind a babel 3 synonymous with soul or spirit 18 is bodily action death its extinction living body improvable 19 wants a fostering encouragement some minds may be shocked and some mildly reasoned into new views of things 179 a personification 50 193 missionary sketch of a tract distributor 56 81 moon has no influence on the tides of the ocean moral discipline its essence is truthtelling 52 mo,philosophy,0,1,0,0,0,0,0,0,0,0,0,0,0,0,0,1,ocean,https://babel.hathitrust.org/cgi/pt?id=njp.32101059455541&seq=362&q1=ocean
534,"ublic teacher; or in his private cha-
racter, as an individual social being; for it is on the
formation of character that both the individual and
the social welfare depends.
SIXPENCE
On the very threshold of this subject, I dash it to
pieces, and scatter it to the winds, as a piece of vile
and mischievous superstition; by saying, that man has
no such knowledge, neither are there any means by
which he can obtain such knowledge; and to the proof
of this assumption I proceed.
I have lately seen the subject of assumed astrological
influence, on the formation of the human character,
presumptuously dignified with the title of Zodiacal
Physiognomy. It will not pass with me, even under
that title. The author, of the name of Varley, prefaces
his subject with the unfounded assumption, that the
knowledge of planetary influence on human birth is
as certain as that the moon produces the tides of the
ocean. Not even so, as to the regularity of coincident
appearances; but if it were as regular in appearance,
and as certain, that amount of certainty is just nothing
at all; for it is by no means certain that the moon has
the least influence on the tides of the ocean.
It is an
assumption beginning to be much and irrefutably dis-
puted, inasmuch as the assumed principle of influence
is contrary to all mechanical action, and, if adopted,
accounts but for a small portion of the motions of the
Tides are only perceptible on the coasts. The
influx upon one must be accompanied by the reflux
from anot",1,0.9955086708068848,isis1832_njp-32101059455541-1746735414.txt,ublic teacher or in his private cha racter as an individual social being for it is on the formation of character that both the individual and the social welfare depends sixpence on the very threshold of this subject i dash it to pieces and scatter it to the winds as a piece of vile and mischievous superstition by saying that man has no such knowledge neither are there any means by which he can obtain such knowledge and to the proof of this assumption i proceed i have lately seen the subject of assumed astrological influence on the formation of the human character presumptuously dignified with the title of zodiacal physiognomy it will not pass with me even under that title the author of the name of varley prefaces his subject with the unfounded assumption that the knowledge of planetary influence on human birth is as certain as that the moon produces the tides of the ocean not even so as to the regularity of coincident appearances but if it were as regular in appearance and as certain that amount of certainty is just nothing at all for it is by no means certain that the moon has the least influence on the tides of the ocean it is an assumption beginning to be much and irrefutably dis puted inasmuch as the assumed principle of influence is contrary to all mechanical action and if adopted accounts but for a small portion of the motions of the tides are only perceptible on the coasts the influx upon one must be accompanied by the reflux from anot,natural history,0,2,0,0,0,0,0,0,0,0,0,0,0,0,0,1,ocean,https://babel.hathitrust.org/cgi/pt?id=njp.32101059455541&seq=1068&q1=ocean
535,"her series of coasts; and it is much more likely
that such a change of influx and reflux is connected
more immediately with the motions of the earth itself,
than with the motions of the moon. The assumed
power of the moon to raise the tides an inch would be
a power equal to draw the whole ocean from its bed,
and from the earth. The reason why the moon has
been connected with the tides has been, because there
are uniform monthly appearances of each; but both
evidently derived from a common source, the motions
of the earth. So Mr. Varley's comparison is a failure
and it can be more easily shown that his principle is
a failure.
sea.
The consideration of this subject must be brought
under four general heads, because there are four classes
of pretension to explain it. In the order of seniority
they will stand thus: the Astrologer the Physiologist
-the Educationist-the Phrenologist.
The subject of the formation of character has evi-
dently engaged the attention of mankind from the
most remote periods, and is found mixed up with
every religion,with every species of moral instruc-
tion; with every secret association and pretension
to mystery, and with that which has been errone-
ously called occult science, which may be taken
to include religion and mystery; and, however defec-
tive in its principles, may, for the sake of illustration,
pass under the name of Astrology, or a reading or
learning of the stars, a discourse about starry influences.
The only real and defensible astrology i",1,0.9956082701683044,isis1832_njp-32101059455541-1746735414.txt,her series of coasts and it is much more likely that such a change of influx and reflux is connected more immediately with the motions of the earth itself than with the motions of the moon the assumed power of the moon to raise the tides an inch would be a power equal to draw the whole ocean from its bed and from the earth the reason why the moon has been connected with the tides has been because there are uniform monthly appearances of each but both evidently derived from a common source the motions of the earth so mr varleys comparison is a failure and it can be more easily shown that his principle is a failure sea the consideration of this subject must be brought under four general heads because there are four classes of pretension to explain it in the order of seniority they will stand thus the astrologer the physiologist the educationistthe phrenologist the subject of the formation of character has evi dently engaged the attention of mankind from the most remote periods and is found mixed up with every religionwith every species of moral instruc tion with every secret association and pretension to mystery and with that which has been errone ously called occult science which may be taken to include religion and mystery and however defec tive in its principles may for the sake of illustration pass under the name of astrology or a reading or learning of the stars a discourse about starry influences the only real and defensible astrology i,natural history,0,1,1,0,0,0,0,0,0,0,0,0,0,0,0,2,"ocean, sea",https://babel.hathitrust.org/cgi/pt?id=njp.32101059455541&seq=1070&q1=ocean
536,"s that which
is now more familiarly known as the science of astro-
nomy-a certain degree of knowledge of the size, mo-
tions, and distances of the planets of our solar system,
and their relative positions with the fixed stars, or To suppose that the infant takes its character, com-
other solar systems. The real knowledge of this kind plexion, and temperament, from planetary or astral in-
is
very
small in amount, and almost useless to man, fluence, at its birth, is to leave no connection with pa-
n any other purpose than that of navigating the ocean, rents, climate, or circumstances of any other kind. ´ If
measuring time and geographical distance, and over-the power to give feature and temperament were astral,
throwing superstition.
there could be no family identity, and we should all
be the children of Israel, or of the starry hosts. Now
we do see family likenesses; likeness of father and of
mother; a mixed likeness of both; likeness even of
The common notion which has been attached to the
word astrology, for several centuries, has been, that re-
lative positions of the planets, with the stars, have cer-
tain influences on the formation of the human charac-grandfathers, grandmothers, uncles, aunts, and cousins
ter and on human affairs.
to a remote degree; enough to prove that family phy.
VOL.
G


## p. 82 (#146) #############################################

3338
THE ISIS.
82
siology has more influence over the infant than is de-
rived from all external circumstances put tog",1,0.9949764013290404,isis1832_njp-32101059455541-1746735414.txt,s that which is now more familiarly known as the science of astro nomya certain degree of knowledge of the size mo tions and distances of the planets of our solar system and their relative positions with the fixed stars or to suppose that the infant takes its character com other solar systems the real knowledge of this kind plexion and temperament from planetary or astral in is very small in amount and almost useless to man fluence at its birth is to leave no connection with pa n any other purpose than that of navigating the ocean rents climate or circumstances of any other kind if measuring time and geographical distance and overthe power to give feature and temperament were astral throwing superstition there could be no family identity and we should all be the children of israel or of the starry hosts now we do see family likenesses likeness of father and of mother a mixed likeness of both likeness even of the common notion which has been attached to the word astrology for several centuries has been that re lative positions of the planets with the stars have cer tain influences on the formation of the human characgrandfathers grandmothers uncles aunts and cousins ter and on human affairs to a remote degree enough to prove that family phy vol g p 82 146 3338 the isis 82 siology has more influence over the infant than is de rived from all external circumstances put tog,taxonomy,0,1,0,0,0,0,0,0,0,0,0,0,0,0,0,1,ocean,https://babel.hathitrust.org/cgi/pt?id=njp.32101059455541&seq=1072&q1=ocean
538,"ind to surrounding circumstances,
both physical and moral, that produce character.
There are also atmospherical and local influences,
which enter into the composition of man; such as that
of crowded cities, of the sea-coast, of the neighbour-
hood of large rivers, mines, romantic scenery, eleva-
tions, heath, forest, and morass; but it is man's mad
and vagrant conceit that can, alone induce him to look
beyond the earth's atmosphere, to explain anything in
the productions of the earth.
4
This comes of stupifying the brain with conceits
about the stars, and keeping the human race in a state
of perpetual childhood, by giving it a religion whereon
to waste its time, its means, and all its energies. It
is like giving it a riddle through life, which is not even
solved at death.
A volume of facts may be written against the claims
of those who seek an astral formation of character. In
an hour's discourse, a quarter of which can only be de-
inter-voted to this part of the subject, nothing more than
some general points, sufficient for elucidation, can be
introduced.
This, I think, has been done; the summary of which
is, that the evidence of variety, under the same astral
relations, both as to genus and nationality, and lo-
cality; the visible influence of family physiognomy,
the effects of education upon organization, to be ex
plained under the third head of inquiry, the utter im-
possibility of proving anything by unknown causes,
the proof that one failure falsifies the whole assump
t",1,0.9960761070251464,isis1832_njp-32101059455541-1746735414.txt,ind to surrounding circumstances both physical and moral that produce character there are also atmospherical and local influences which enter into the composition of man such as that of crowded cities of the seacoast of the neighbour hood of large rivers mines romantic scenery eleva tions heath forest and morass but it is mans mad and vagrant conceit that can alone induce him to look beyond the earths atmosphere to explain anything in the productions of the earth 4 this comes of stupifying the brain with conceits about the stars and keeping the human race in a state of perpetual childhood by giving it a religion whereon to waste its time its means and all its energies it is like giving it a riddle through life which is not even solved at death a volume of facts may be written against the claims of those who seek an astral formation of character in an hours discourse a quarter of which can only be de intervoted to this part of the subject nothing more than some general points sufficient for elucidation can be introduced this i think has been done the summary of which is that the evidence of variety under the same astral relations both as to genus and nationality and lo cality the visible influence of family physiognomy the effects of education upon organization to be ex plained under the third head of inquiry the utter im possibility of proving anything by unknown causes the proof that one failure falsifies the whole assump t,astronomy,0,0,1,0,0,0,0,0,0,0,0,0,0,0,0,1,sea,https://babel.hathitrust.org/cgi/pt?id=njp.32101059455541&seq=1076&q1=sea
674,"ing about useful possessions, a low state of animal
life. It is a state of life, in which there is wanting the
mainspring to virtue, and to every degree of eminence
and happiness. Man may remain in such a state for
ages unknown, as was the case with some of the in-
four-habitants of the southern pacific ocean, and more par-
ticularly those of New Holland. Even in Europe,
with all the advantages of education and example, we
see men pass through life without receiving the stimu
lus to improve mind or bodily condition. We see
others receiving that stimulus, at different periods of
life; but never too late to be useful. If taken young,
distinction is sure to follow. If this be a correct view
of the human character in society, I claim the admis-
sion, that the course which we are now taking, in
free inquiry and free discussion,, is better calculated to
germinate and foster the stimulus to be desired, than
any religious ceremony that has ever been practised.
However melodious may be the church ceremony
however delightfully the organ may be played; how
ever sweet the voices that may sing; however solemn
the chaunt; and however impressive the religious dis-
course; it all passes and ends without intellectual im-
provement. It is all a pantomime to the intellect.
It is all an acting in parts; there is no sentiment,
reason, no intellectual sincerity, no conviction of
right, no comparative usefulness, no defence to be
made against criticism. The law will not allow it to
be laughed at, a",1,0.9937090873718262,isis1832_njp-32101059455541-1746735414.txt,ing about useful possessions a low state of animal life it is a state of life in which there is wanting the mainspring to virtue and to every degree of eminence and happiness man may remain in such a state for ages unknown as was the case with some of the in fourhabitants of the southern pacific ocean and more par ticularly those of new holland even in europe with all the advantages of education and example we see men pass through life without receiving the stimu lus to improve mind or bodily condition we see others receiving that stimulus at different periods of life but never too late to be useful if taken young distinction is sure to follow if this be a correct view of the human character in society i claim the admis sion that the course which we are now taking in free inquiry and free discussion is better calculated to germinate and foster the stimulus to be desired than any religious ceremony that has ever been practised however melodious may be the church ceremony however delightfully the organ may be played how ever sweet the voices that may sing however solemn the chaunt and however impressive the religious dis course it all passes and ends without intellectual im provement it is all a pantomime to the intellect it is all an acting in parts there is no sentiment reason no intellectual sincerity no conviction of right no comparative usefulness no defence to be made against criticism the law will not allow it to be laughed at a,philosophy,0,1,0,0,0,0,0,0,0,0,0,0,0,0,0,1,ocean,https://babel.hathitrust.org/cgi/pt?id=njp.32101059455541&seq=1348&q1=ocean
896,"an upright posture, with
a silent tongue, and look demure, is a daily punish-marriage, and of baptism, or the registering of births,
But the dull routine of prayers and of sermon-hearing,
is better suited to cattle, than to intellectual man,
The time which is spent on each attendance at church,
being from two to three hours, if applied to a good
book, or to an experiment in chemistry, or to an in.
tellectual conversation with friends, would leave some
improvement of mind; if it were occupied in a garden,
or in a walk in the fields, it would be a healthful re-
creation; if in hearing a scientific lecture, an advan-
tage, or something new would be gained; if in seeing
a fine dramatic performance, the capabilities of the
human character are presented to contemplation, and
act alike to our instruction and amusement; but in a
church, it is like the dead burying the dead, and the
only definition that can be given of that scriptural
passage. Let the dead bury the dead, but follow you me.
This system will be supported, and the spreading
of knowledge will be impeded, so long as the church
can draw its immense revenue in taxes upon the peo-
ple.. The house in which we are now assembled, is
rated to the extent of twenty pounds a-year, for that
pauperism which the church has made, and left to be
otherwise provided for; and what with the new church
and the old church, in the present year, to the full
The land, the ocean, and the atmosphere, are inex-
haustible store-houses of knowledge fo",1,0.994912564754486,isis1832_njp-32101059455541-1746735414.txt,an upright posture with a silent tongue and look demure is a daily punishmarriage and of baptism or the registering of births but the dull routine of prayers and of sermonhearing is better suited to cattle than to intellectual man the time which is spent on each attendance at church being from two to three hours if applied to a good book or to an experiment in chemistry or to an in tellectual conversation with friends would leave some improvement of mind if it were occupied in a garden or in a walk in the fields it would be a healthful re creation if in hearing a scientific lecture an advan tage or something new would be gained if in seeing a fine dramatic performance the capabilities of the human character are presented to contemplation and act alike to our instruction and amusement but in a church it is like the dead burying the dead and the only definition that can be given of that scriptural passage let the dead bury the dead but follow you me this system will be supported and the spreading of knowledge will be impeded so long as the church can draw its immense revenue in taxes upon the peo ple the house in which we are now assembled is rated to the extent of twenty pounds ayear for that pauperism which the church has made and left to be otherwise provided for and what with the new church and the old church in the present year to the full the land the ocean and the atmosphere are inex haustible storehouses of knowledge fo,religion,0,1,0,0,0,0,0,0,0,0,0,0,0,0,0,1,ocean,https://babel.hathitrust.org/cgi/pt?id=njp.32101059455541&seq=1792&q1=ocean
1000,"hen alive, and an article of
human food when dead. This class of animals are
serviceable in tilling the earth for the purpose of agri-
culture.
""Isis has been represented as the moon; Osiris as
the sun. She has been represented as a female bearing
a globe in one hand, and a bunch of corn in the other.
This is the most antient figure, and inscriptions under
her have been to this import: ""I am all that has been,
that shall be, and none among mortals has hitherto
taken off my veil."" Alluding to the mysteries of na-
ture. See the front of the Egyptian Hall, Piccadilly;
Our London Isis intends to take off her veil and
display nature to us in all its loveliness.
66
""Delectable Isis ! shall I address you as the mother
of waters, the first source of the richest river in the
world? From you our Thames issues into existence.*
The treasures of the earth are unlocked by the key
of Wiltshire, nourished by the proceeds from the churn
of Cirencester. As you proceed, the Cotswold hills
of Gloucestershire (fed by fogs and dews) give vigour
to your existence by the tributary streams which flow
over the Oolitish formation, (the egg, the Roestone
stratum of earth). The calcareous matter, which you
there receive, adds to your salubrity. The ovate form
of this considerable deposit of earths, calls forth an
idea, that you issue from the eggs of the earth. Eggs
only belong to the animal kingdom, you are the off-
spring of eggs; therefore, as the great astronomer
Kepler has called you the veins of th",1,0.9955599308013916,isis1832_njp-32101059455541-1746735414.txt,hen alive and an article of human food when dead this class of animals are serviceable in tilling the earth for the purpose of agri culture isis has been represented as the moon osiris as the sun she has been represented as a female bearing a globe in one hand and a bunch of corn in the other this is the most antient figure and inscriptions under her have been to this import i am all that has been that shall be and none among mortals has hitherto taken off my veil alluding to the mysteries of na ture see the front of the egyptian hall piccadilly our london isis intends to take off her veil and display nature to us in all its loveliness 66 delectable isis shall i address you as the mother of waters the first source of the richest river in the world from you our thames issues into existence the treasures of the earth are unlocked by the key of wiltshire nourished by the proceeds from the churn of cirencester as you proceed the cotswold hills of gloucestershire fed by fogs and dews give vigour to your existence by the tributary streams which flow over the oolitish formation the egg the roestone stratum of earth the calcareous matter which you there receive adds to your salubrity the ovate form of this considerable deposit of earths calls forth an idea that you issue from the eggs of the earth eggs only belong to the animal kingdom you are the off spring of eggs therefore as the great astronomer kepler has called you the veins of th,nature,0,0,0,1,0,0,0,0,0,0,0,0,0,0,0,1,river,https://babel.hathitrust.org/cgi/pt?id=njp.32101059455541&seq=2000&q1=river
1001,"e animal earth,
so let ye be the vital part of that earth. My logic
runs riot, and must address you in another strain.
""Shall I address you, O Isis, as a mere mass of
nerves, a monade, a commencement of animal life, a
polypifer, a link between the animal and the vegetable
creation? How diminutive you appear in this charac-
ter; yet, how interesting you are, although affixed to
a stone, not having locomotion, a life of nerves alone,
with a horny substance in the centre, giving the ap-
pearance of a tree, whilst the cortical part is evidently
life, and falls off on being removed out of the water.
The principle river changes its name from Thames to lais,
above Dorchester. The smaller stream is from Thame.
""Which ever way we turn, to the lowest, to the
highest of nature's works, we find plenty of food for
reflection, for inquiry, far above the ideal inquiries of
spiritual existences. O that man should debase him-
self with such maddening speculations.""
E. J. L.
Mr. Carlile desires me to say, that he did not notice
Eratosthenes, as quoted by E. B., not from any fear
of the argument to be there deduced; but because he
did not know the substance of the matter mentioned
by that author. Instead of referring to authors by
name, it will be better that E. B. quote the matter
from them, and it shall be fully noticed. I promise
to print every mention that can be produced of the
Jews, before the Christian era, the Bible and Apocry-
phal books excepted, if E. B. or any one will extract
it fo",1,0.996159017086029,isis1832_njp-32101059455541-1746735414.txt,e animal earth so let ye be the vital part of that earth my logic runs riot and must address you in another strain shall i address you o isis as a mere mass of nerves a monade a commencement of animal life a polypifer a link between the animal and the vegetable creation how diminutive you appear in this charac ter yet how interesting you are although affixed to a stone not having locomotion a life of nerves alone with a horny substance in the centre giving the ap pearance of a tree whilst the cortical part is evidently life and falls off on being removed out of the water the principle river changes its name from thames to lais above dorchester the smaller stream is from thame which ever way we turn to the lowest to the highest of natures works we find plenty of food for reflection for inquiry far above the ideal inquiries of spiritual existences o that man should debase him self with such maddening speculations e j l mr carlile desires me to say that he did not notice eratosthenes as quoted by e b not from any fear of the argument to be there deduced but because he did not know the substance of the matter mentioned by that author instead of referring to authors by name it will be better that e b quote the matter from them and it shall be fully noticed i promise to print every mention that can be produced of the jews before the christian era the bible and apocry phal books excepted if e b or any one will extract it fo,historical,0,0,0,1,0,0,1,0,0,0,0,0,0,0,0,2,"river, stream",https://babel.hathitrust.org/cgi/pt?id=njp.32101059455541&seq=2002&q1=river
1016,"ge to a man so educated is,
first or gradually to unlearn that which he has errone-
ously learned, so as to begin the real acquisition of
knowledge where he began as a child; to be even born
again.
At the 20th verse of the eighteenth chapter of the
Gospel according to Saint Matthew, from which I
take the first part of my text, there are these words:
Where two or three are gathered together in my
name, there am I in the midst of them:"" than which
nothing can be more plain:-Where two or three per-
sons are gathered together in pursuit of knowledge,
knowledge they will find among them.
The Gospel is the most ancient piece of writing in
existence that has taught us that knowledge is power,
and that it will go on to equalize mankind. We are
told that faith will remove mountains; but, for faith,
which, in our present state of language, is a word
without meaning, we must read knowledge; and we
know that, by the aid of mechanical power, we can
remove mountains, and cast them into the sea; but
we cannot do so, without the necessary knowledge of
mechanical power; nor can it be done by any other
means.
At the 32d verse of the twenty-second chapter, we
read :-"" God is not the God of the dead, but of the
living;"" which is so striking a truth, that it should
confound the advocates of life after death, while it
accords with my interpretation, that, as God is know-
ledge, God is the God of the living; for knowledge
has no concern with the dead, nor the dead with know-
ledge. The dead are gon",1,0.9907464981079102,isis1832_njp-32101059455541-1746735414.txt,ge to a man so educated is first or gradually to unlearn that which he has errone ously learned so as to begin the real acquisition of knowledge where he began as a child to be even born again at the 20th verse of the eighteenth chapter of the gospel according to saint matthew from which i take the first part of my text there are these words where two or three are gathered together in my name there am i in the midst of them than which nothing can be more plainwhere two or three per sons are gathered together in pursuit of knowledge knowledge they will find among them the gospel is the most ancient piece of writing in existence that has taught us that knowledge is power and that it will go on to equalize mankind we are told that faith will remove mountains but for faith which in our present state of language is a word without meaning we must read knowledge and we know that by the aid of mechanical power we can remove mountains and cast them into the sea but we cannot do so without the necessary knowledge of mechanical power nor can it be done by any other means at the 32d verse of the twentysecond chapter we read god is not the god of the dead but of the living which is so striking a truth that it should confound the advocates of life after death while it accords with my interpretation that as god is know ledge god is the god of the living for knowledge has no concern with the dead nor the dead with know ledge the dead are gon,science,0,0,1,0,0,0,0,0,0,0,0,0,0,0,0,1,sea,https://babel.hathitrust.org/cgi/pt?id=njp.32101059455541&seq=2032&q1=sea
1053,"and idle gossip of the fashionable card
or tea party, and the unmeaning and hypocritical for-
malities of the modern ball room.
Refreshments were provided in profusion, and the
arrangements in every department were admirably con-
trived and superintended. The company did not en-
tirely separate till two o'clock.
M. ARAGO ON COMETS.
•
(Continued from The Times of March 16.)
Here the Moon will serve as a point of comparison.
The moon causes the tides of the ocean: mathematically speak-
ing, the comet of 1811 ought to have produced analagous tides,
but, as no one observed any such tides, we must admit that they
did not amount to an appreciable quantity. But the height of a
tide is proportioned to the attractive power. We know that the
lunar tides are very great, and that the cometary tides (if any) are
insensible; hence, it is clear that the cometary action on the
earth bears no proportion to that of the moon; and as to any
calorific effects of the great comet of 1811, the most delicate in-
struments have not shown their existence. Can, then, the wine-
growers expect any results from the comet of 1832 ?
11. ON THE PHYSICAL CONSTRUCTION OF COMETS-THAT IS,
THEIR NEBULOSITY, NUCLEUS, AND TAIL.
I have before spoken of the nebulosity, or hair, of the nucleus,
and of the tail of a comet. I will now detail all that telescopes
have enabled us to discover of their parts.
Many comets have no visible tail, many have been seen without
any visible nucleus; but in no case have comets been see",1,0.9939695596694946,isis1832_njp-32101059455541-1746735414.txt,and idle gossip of the fashionable card or tea party and the unmeaning and hypocritical for malities of the modern ball room refreshments were provided in profusion and the arrangements in every department were admirably con trived and superintended the company did not en tirely separate till two oclock m arago on comets continued from the times of march 16 here the moon will serve as a point of comparison the moon causes the tides of the ocean mathematically speak ing the comet of 1811 ought to have produced analagous tides but as no one observed any such tides we must admit that they did not amount to an appreciable quantity but the height of a tide is proportioned to the attractive power we know that the lunar tides are very great and that the cometary tides if any are insensible hence it is clear that the cometary action on the earth bears no proportion to that of the moon and as to any calorific effects of the great comet of 1811 the most delicate in struments have not shown their existence can then the wine growers expect any results from the comet of 1832 11 on the physical construction of cometsthat is their nebulosity nucleus and tail i have before spoken of the nebulosity or hair of the nucleus and of the tail of a comet i will now detail all that telescopes have enabled us to discover of their parts many comets have no visible tail many have been seen without any visible nucleus but in no case have comets been see,astronomy,0,1,0,0,0,0,0,0,0,0,0,0,0,0,0,1,ocean,https://babel.hathitrust.org/cgi/pt?id=njp.32101059455541&seq=2106&q1=ocean
1056,"e luminous ring is closed, or
complete only on the side next the sun, and forms only a semi-
circle. The two ends or horns of this semi-circle are the points
of departure from which emanates the tail.
OF THE NUCLEUS.
Comets often have nuclei resembling planets both in shape and
brilliancy. In general they are only small, but not always so.
The following is a table of the diameters of the nuclei of several
[This is more easily asserted than proved, and the very at-
tempt at illustration here made is fallacious. It is inferred, that,
because the moon does cause the tides of the ocean, and the
comet did not alter them, therefore, &c. It should first be proved
that the tides of the ocean are caused by the moon, before any
fair inference can be drawn, on that ground, of no cometary influence
on the earth. There is no better proof that the moon affects the
proved by those appearances. Attraction and repulsion, gravity
ocean of the earth, than similarity of appearances: nothing is
and contrary forces, are not philosophical accountings for pla
netary motions. ED.]


## p. 205 (#269) ############################################

THE ISIS.
205
vapours. They found this opinion on observations which I do
not think conclusive. The question is important: its solution
will declde, to a certain degree, the part we thay attribute to co-
mets in the revolutions of the physical world.
All comets in their courses traverse successively different
constellations. The region in which they move is m",1,0.993777632713318,isis1832_njp-32101059455541-1746735414.txt,e luminous ring is closed or complete only on the side next the sun and forms only a semi circle the two ends or horns of this semicircle are the points of departure from which emanates the tail of the nucleus comets often have nuclei resembling planets both in shape and brilliancy in general they are only small but not always so the following is a table of the diameters of the nuclei of several this is more easily asserted than proved and the very at tempt at illustration here made is fallacious it is inferred that because the moon does cause the tides of the ocean and the comet did not alter them therefore c it should first be proved that the tides of the ocean are caused by the moon before any fair inference can be drawn on that ground of no cometary influence on the earth there is no better proof that the moon affects the proved by those appearances attraction and repulsion gravity ocean of the earth than similarity of appearances nothing is and contrary forces are not philosophical accountings for pla netary motions ed p 205 269 the isis 205 vapours they found this opinion on observations which i do not think conclusive the question is important its solution will declde to a certain degree the part we thay attribute to co mets in the revolutions of the physical world all comets in their courses traverse successively different constellations the region in which they move is m,astronomy,0,3,0,0,0,0,0,0,0,0,0,0,0,0,0,1,ocean,https://babel.hathitrust.org/cgi/pt?id=njp.32101059455541&seq=2112&q1=ocean
1061," Pierre Apian as-
certained that the comet of 1531 carried its tail in every part of
its course, so as to have it always in a prolongation of the line
which joined the sun and the nucleus; but this principle has
been adopted too generally. It is true that for the most part the
tail is placed behind the comet, so as to stream out in a direction
opposed to the sun; but the line which joins those two luminaries
hardly ever corresponds with the axis of the til. Sometimes the
want of coincidence of these two lines is very great; indeed, in
some cases, the tail stands out at right angles from the line of
conjunction. In fact, it has been ascertained that the tail has
constantly an inclination towards the region which the comet has
left, as if, in its motion through a gaseous medium, the matter of
which the tail was formed had been more powerfully acted upon,
or resisted, than was experienced by the nucleus.
The tails become much larger, that is, wider, as they lengthen
out from the comet. In the middle of them is seen a dark band,
which divides them into two distinct, and often equal parts. An-
cient observers considered this band as the shadow of the body of
the comet. This explanation cannot be applied to the tails which
point towards the sun; perhaps we shall suit our hypothesis to
general appearances, if we suppose the tail to be a hollow cone,
which from well-known physical causes might be supposed to
present to us two exterior lines of light, separated by a space
comparativel",1,0.9933710098266602,isis1832_njp-32101059455541-1746735414.txt,pierre apian as certained that the comet of 1531 carried its tail in every part of its course so as to have it always in a prolongation of the line which joined the sun and the nucleus but this principle has been adopted too generally it is true that for the most part the tail is placed behind the comet so as to stream out in a direction opposed to the sun but the line which joins those two luminaries hardly ever corresponds with the axis of the til sometimes the want of coincidence of these two lines is very great indeed in some cases the tail stands out at right angles from the line of conjunction in fact it has been ascertained that the tail has constantly an inclination towards the region which the comet has left as if in its motion through a gaseous medium the matter of which the tail was formed had been more powerfully acted upon or resisted than was experienced by the nucleus the tails become much larger that is wider as they lengthen out from the comet in the middle of them is seen a dark band which divides them into two distinct and often equal parts an cient observers considered this band as the shadow of the body of the comet this explanation cannot be applied to the tails which point towards the sun perhaps we shall suit our hypothesis to general appearances if we suppose the tail to be a hollow cone which from wellknown physical causes might be supposed to present to us two exterior lines of light separated by a space comparativel,astronomy,0,0,0,0,0,0,1,0,0,0,0,0,0,0,0,1,stream,https://babel.hathitrust.org/cgi/pt?id=njp.32101059455541&seq=2122&q1=stream
1088,"osed advantage
of being able to utter a paucity of ideas in two or more
languages. Words are but the signs of things, a token
in sounds; what we want is, the greatest possible amount
of knowledge of things. That is our God, a know-
ledge of the Lord; and we should strive to hasten the
time when it shall cover the earth, as the waters fill
the sea.
In what nobler light can I place the idea of God
before you, than that which is man's highest concep-
tion, the fountain of knowledge? Imagine the. Cre-
ator of all things, and you cannot imagine anything
higher than the power that is conscious of its own and
of all existence; the power that can compare and im-
prove, by arrangement, that can embellish nature by
art, and plan the means of its own happiness and im-
provement. Imagine the vastness, the apparent infi-
nity of the planetary systems, and all, in wonder, does
not equal animal life in its highest degrees. Man,
brief as is his span of life, is the God of the moral
world, and has everything to do for himself. Con-
cerning him, there is no other God; and that is the
sentiment of my text:—God is a spirit, and they that
worship him must worship him in spirit and in truth.
Truth is the principle of man's knowledge; worship
is the principle of his gratitude; and spirit the
principle of his nature; which makes up God and
the worship of God, the spirit and the truth. God is
the spirit of truth and our love of truth, and la-
bour to acquire knowledge, is our proper worship of
God.
:",1,0.9958670139312744,isis1832_njp-32101059455541-1746735414.txt,osed advantage of being able to utter a paucity of ideas in two or more languages words are but the signs of things a token in sounds what we want is the greatest possible amount of knowledge of things that is our god a know ledge of the lord and we should strive to hasten the time when it shall cover the earth as the waters fill the sea in what nobler light can i place the idea of god before you than that which is mans highest concep tion the fountain of knowledge imagine the cre ator of all things and you cannot imagine anything higher than the power that is conscious of its own and of all existence the power that can compare and im prove by arrangement that can embellish nature by art and plan the means of its own happiness and im provement imagine the vastness the apparent infi nity of the planetary systems and all in wonder does not equal animal life in its highest degrees man brief as is his span of life is the god of the moral world and has everything to do for himself con cerning him there is no other god and that is the sentiment of my textgod is a spirit and they that worship him must worship him in spirit and in truth truth is the principle of mans knowledge worship is the principle of his gratitude and spirit the principle of his nature which makes up god and the worship of god the spirit and the truth god is the spirit of truth and our love of truth and la bour to acquire knowledge is our proper worship of god,religion,0,0,1,0,0,0,0,0,0,0,0,0,0,0,0,1,sea,https://babel.hathitrust.org/cgi/pt?id=njp.32101059455541&seq=2176&q1=sea
1107,"t; but man
dies, every animal dies, every vegetable dies, every
mineral returns to dust, and a planet itself may die,
for anything that is known to the contrary. We have
not yet seen a death or a birth in our family of planets,
though the Arcadians reported the birth of the moon ;
and some philosophers have thought it was expelled
from that great cavity which forms the Southern Pa-
cific Ocean of the earth,
The loves as well as the wars of the planets were
sung by the ancient poets; but whether they knew
more upon the subject than we now know is a ques-
tion.
Let us descend from the heavens and pray upon the
earth. This is our abiding place, our city not made
with hands, our tomb. It is here and here only, that
we live, and move, and have our being. Here is our
business; and if we neglect it even to speculate about
comets, we are fools. Life has its wants and is sus-
by some degree of industry and moral observance.
ceptible of pleasure. For these we have to provide
Death must come, the more sudden the better; but
let us live and be happy while we can.
Life is our
business; death should not be our concern,
Life is,
or may be, made a pleasure; death is not a pain. Life
for life, and leave death to provide for itself.
has wants; death has none; let us therefore provide
But man is a speculative animal; the only animal
that provides beyond a year; he is full of fancies and
is amused with dogmas; he craves to be that which
he cannot be, and feeds on the shadowy pleasures of
hope. H",1,0.9953861832618712,isis1832_njp-32101059455541-1746735414.txt,t but man dies every animal dies every vegetable dies every mineral returns to dust and a planet itself may die for anything that is known to the contrary we have not yet seen a death or a birth in our family of planets though the arcadians reported the birth of the moon and some philosophers have thought it was expelled from that great cavity which forms the southern pa cific ocean of the earth the loves as well as the wars of the planets were sung by the ancient poets but whether they knew more upon the subject than we now know is a ques tion let us descend from the heavens and pray upon the earth this is our abiding place our city not made with hands our tomb it is here and here only that we live and move and have our being here is our business and if we neglect it even to speculate about comets we are fools life has its wants and is sus by some degree of industry and moral observance ceptible of pleasure for these we have to provide death must come the more sudden the better but let us live and be happy while we can life is our business death should not be our concern life is or may be made a pleasure death is not a pain life for life and leave death to provide for itself has wants death has none let us therefore provide but man is a speculative animal the only animal that provides beyond a year he is full of fancies and is amused with dogmas he craves to be that which he cannot be and feeds on the shadowy pleasures of hope h,philosophy,0,1,0,0,0,0,0,0,0,0,0,0,0,0,0,1,ocean,https://babel.hathitrust.org/cgi/pt?id=njp.32101059455541&seq=2214&q1=ocean
1226,"
there can be no reconstruction of that which is fully
destroyed. A similar thing may be produced, but the
same never.""
Knowledge gives to man the advantage of recording
his life, and thus a remembrance of it in others is pro-
longed; but this adds nothing to the length of indi-
vidual life. The beauty and fragrance of a rose pre-
serves to us a remembrance of the flower; but the
flower itself survives not its month, without some arti-
ficial aid. The best of men is but the flower of a few
years; but lo, he droopeth and dieth, his beauty pass-
eth away; and wonderful must he have been, to sur-
vive the memory of a century.
It is important that man should be divested of his


## p. 243 (#309) ############################################

THE ISIS.
243
conceit of eternal life; for it sets at nought the value of
all calculations for the welfare of that which is present.
While this is called a state of probation and prepara-
tion for that which is future; and more particularly,
while the idea of the necessary probation and prepara-
tion is superstitious; the present is neglected and man
denies himself justice. The stream of life is perverted
from its channel of usefulness and wastes itself on
sterile and marshy ground: producing fetid poisons
and unwholesome air, instead of nurturing the garden of
Eden and affording its share of labour and means to
keep the earth a perpetual paradise. Such are the
evils of superstition and of the false conceits about
eternal life. Here is the ga",1,0.9923897385597228,isis1832_njp-32101059455541-1746735414.txt,there can be no reconstruction of that which is fully destroyed a similar thing may be produced but the same never knowledge gives to man the advantage of recording his life and thus a remembrance of it in others is pro longed but this adds nothing to the length of indi vidual life the beauty and fragrance of a rose pre serves to us a remembrance of the flower but the flower itself survives not its month without some arti ficial aid the best of men is but the flower of a few years but lo he droopeth and dieth his beauty pass eth away and wonderful must he have been to sur vive the memory of a century it is important that man should be divested of his p 243 309 the isis 243 conceit of eternal life for it sets at nought the value of all calculations for the welfare of that which is present while this is called a state of probation and prepara tion for that which is future and more particularly while the idea of the necessary probation and prepara tion is superstitious the present is neglected and man denies himself justice the stream of life is perverted from its channel of usefulness and wastes itself on sterile and marshy ground producing fetid poisons and unwholesome air instead of nurturing the garden of eden and affording its share of labour and means to keep the earth a perpetual paradise such are the evils of superstition and of the false conceits about eternal life here is the ga,mortality,0,0,0,0,0,0,1,0,0,0,0,0,0,0,0,1,stream,https://babel.hathitrust.org/cgi/pt?id=njp.32101059455541&seq=2452&q1=stream
1540,"form
varieties, under all his multiplied appellations-each
has the right, all others possess the wrong. And where,
among these contradictory and confounding faiths, is
one whose ipse dixit truths are compounded of facts;
whose first premises are demonstrable to the human
eye, the human ear, the human touch; whose proofs
are sought and found in the nature of man and the na-
ture of things, and whose conclusions are sanctioned
by our own confirming sensations and assenting
reason?
No, my friends! we have seen that no religion
stands on the basis of things known; none bounds its
horizon within the field of human observation; and
therefore, as it can never present us with indisputable
facts, so must it ever be at once a source of error and
of contention.
If, then, that which we have followed for a true
light, be proved a meteor-if, instead of leading us
into safe and pleasant paths, it have enticed us into
swamps and quagmires-if, instead of informing the
mind, warming and gladdening the heart, it have
clouded and confounded the one, chilled and bruised
the other, are we then without a guide in the path of
life? Are our barks launched upon the ocean, with-
out rudder or compass? To these no star by which
to steer, no rule-directed skill wherewith to trim our
sails, and point an unerring course through the rocks
and whirlpools of our passions and appetites, and the
fogs and deceiving mirage of our deluding and deluded
imaginations. Wo to man, should the answer be a
negative! Wo to",1,0.9954519867897034,isis1832_njp-32101059455541-1746735414.txt,form varieties under all his multiplied appellationseach has the right all others possess the wrong and where among these contradictory and confounding faiths is one whose ipse dixit truths are compounded of facts whose first premises are demonstrable to the human eye the human ear the human touch whose proofs are sought and found in the nature of man and the na ture of things and whose conclusions are sanctioned by our own confirming sensations and assenting reason no my friends we have seen that no religion stands on the basis of things known none bounds its horizon within the field of human observation and therefore as it can never present us with indisputable facts so must it ever be at once a source of error and of contention if then that which we have followed for a true light be proved a meteorif instead of leading us into safe and pleasant paths it have enticed us into swamps and quagmiresif instead of informing the mind warming and gladdening the heart it have clouded and confounded the one chilled and bruised the other are we then without a guide in the path of life are our barks launched upon the ocean with out rudder or compass to these no star by which to steer no ruledirected skill wherewith to trim our sails and point an unerring course through the rocks and whirlpools of our passions and appetites and the fogs and deceiving mirage of our deluding and deluded imaginations wo to man should the answer be a negative wo to,natural history,0,1,0,0,0,0,0,0,0,0,0,0,0,0,0,1,ocean,https://babel.hathitrust.org/cgi/pt?id=njp.32101059455541&seq=3080&q1=ocean
1627,"g have been fledged. The finest
nests are the whitest, that is, those taken before the
nest has been rendered impure by the food and fæces
of the young birds. They are taken twice a-year, and,
to the caverns, will produce, very equally, the same
if regularly collected, and no unusual injury be offered
quantity, being very little, if at all, improved by the
caves being left altogether unmolested for a year or
two. Some of the caverns are extremely difficult of
access, and the nests can only be collected by per-
sons accustomed from their youth to the office. In
perpendicular descent of many hundred feet, by lad-
one place the caves are only to be approached by a
ders of bamboo and rattan, over a sea rolling violently
against the rocks. When the mouth of the cavern
is attained, the perilous office of taking the nest must
often be performed with torch light, by penetrating
into the recesses of the rock, where the slightest trip
nothing below them but the turbulent surf making its
would be instantly fatal to the adventurers, who see
way into the chasms of the rock.
CAPRICES OF THE HUMAN APPETITE.
We are
THE human being has been described as an animal
capable of suiting himself to every description of cli-
mate, ranging from the pole to the equator, and of
adapting his habits either to those of savage life, or
the highest state of refinement. His power of en-
during a temperature which would freeze the blood
of an alligator, or melt the body of a bear, is not
more remarkable than ",1,0.9952823519706726,isis1832_njp-32101059455541-1746735414.txt,g have been fledged the finest nests are the whitest that is those taken before the nest has been rendered impure by the food and fces of the young birds they are taken twice ayear and to the caverns will produce very equally the same if regularly collected and no unusual injury be offered quantity being very little if at all improved by the caves being left altogether unmolested for a year or two some of the caverns are extremely difficult of access and the nests can only be collected by per sons accustomed from their youth to the office in perpendicular descent of many hundred feet by lad one place the caves are only to be approached by a ders of bamboo and rattan over a sea rolling violently against the rocks when the mouth of the cavern is attained the perilous office of taking the nest must often be performed with torch light by penetrating into the recesses of the rock where the slightest trip nothing below them but the turbulent surf making its would be instantly fatal to the adventurers who see way into the chasms of the rock caprices of the human appetite we are the human being has been described as an animal capable of suiting himself to every description of cli mate ranging from the pole to the equator and of adapting his habits either to those of savage life or the highest state of refinement his power of en during a temperature which would freeze the blood of an alligator or melt the body of a bear is not more remarkable than,human nature,0,0,1,0,0,0,0,0,0,0,0,0,0,0,0,1,sea,https://babel.hathitrust.org/cgi/pt?id=njp.32101059455541&seq=3254&q1=sea
1761,"uch a supposition is quite gratuitous, but that is not its least
fault, for the supposition is not sufficient to explain the attendant
phenomena; for if the moon produces such great effects, as she
does, on the ocean, it is because her diurnal angular motion is not
considerable; it is because her distance from the earth scarcely
varies in many hours; it is because the moon corresponds verti-
cally with nearly the same points of the globe during a consider-
able space of time; it is because the fluid which she attracts has
always time to yield to her action, before she moves on to a re-
gion from which her force will operate in another direction. But
this was not the case with the comet of 1680; near the earth its
apparent angular motion across the constellations was extremely
rapid; in a few minutes this comet corresponded with a number
of points on different meridians of the earth placed at a great dis-
tance, the one from the other. As to the distance of the comet from
the earth in a straight line, that, no doubt, may have been very
small, but then this lasted only for a few minutes. These cir
cumstances taken together are very unfavourable for the produc-
tion of a very high tide. I am aware that to meet this difficulty
we have only to enlarge the comet, to make its mass no longer six
times that of the moon, but thirty or forty times; but I answer,
we have not this liberty as far as regards the comet of 1680, in
which year it passed very near the earth but, as in that year",1,0.993118405342102,isis1832_njp-32101059455541-1746735414.txt,uch a supposition is quite gratuitous but that is not its least fault for the supposition is not sufficient to explain the attendant phenomena for if the moon produces such great effects as she does on the ocean it is because her diurnal angular motion is not considerable it is because her distance from the earth scarcely varies in many hours it is because the moon corresponds verti cally with nearly the same points of the globe during a consider able space of time it is because the fluid which she attracts has always time to yield to her action before she moves on to a re gion from which her force will operate in another direction but this was not the case with the comet of 1680 near the earth its apparent angular motion across the constellations was extremely rapid in a few minutes this comet corresponded with a number of points on different meridians of the earth placed at a great dis tance the one from the other as to the distance of the comet from the earth in a straight line that no doubt may have been very small but then this lasted only for a few minutes these cir cumstances taken together are very unfavourable for the produc tion of a very high tide i am aware that to meet this difficulty we have only to enlarge the comet to make its mass no longer six times that of the moon but thirty or forty times but i answer we have not this liberty as far as regards the comet of 1680 in which year it passed very near the earth but as in that year,astronomy,0,1,0,0,0,0,0,0,0,0,0,0,0,0,0,1,ocean,https://babel.hathitrust.org/cgi/pt?id=njp.32101059455541&seq=3522&q1=ocean
1762," it
produced neither heavenly cataracts, nor internal tides, nor break-
ing up the great abyss; as moreover, neither its tail nor its head
of hair inundated us, we may confidently pronounce the theory of
Whiston to be a mere romance,-unless, abandoning the comet of
1680, we attribute the part it was to play, to another comet much
more considerable.
Let us suppose a solid body moving in a right line with a cer-
tain rapidity, and that an insurmountable obstacle shall be placed
suddenly, all at once on the route of his body, so as to stop it in-
stantly. Let this happen to our earth, the tangential rate of
translation of which is eight leagues in a second, and let this
effect be produced by a comet of sufficient mass, all bodies resting
on its surface, such as animated beings, our car iages, our furni-
ture, our utensils, all objects, in short, which are not fixed in
the ground, would fly towards that point of the earth on which the
comet had struck, with the rapidity which had been communi-
cated to them by the earth's motion-- that is, with a rapidity of
eight leagues per second! One may imagine, at once, what
would be the effect of such an event, when I state that a cannon-
ball of 24lb., even at its first departure from the mouth of the
gun, moves at only 1,200 feet in a second; in a word, every ani-
mated being would be annihilated in one instant!
As to the waters of the ocean, as they are moveable, and as
nothing binds them to the solid part of the earth, they would be
th",1,0.9941492080688475,isis1832_njp-32101059455541-1746735414.txt,it produced neither heavenly cataracts nor internal tides nor break ing up the great abyss as moreover neither its tail nor its head of hair inundated us we may confidently pronounce the theory of whiston to be a mere romanceunless abandoning the comet of 1680 we attribute the part it was to play to another comet much more considerable let us suppose a solid body moving in a right line with a cer tain rapidity and that an insurmountable obstacle shall be placed suddenly all at once on the route of his body so as to stop it in stantly let this happen to our earth the tangential rate of translation of which is eight leagues in a second and let this effect be produced by a comet of sufficient mass all bodies resting on its surface such as animated beings our car iages our furni ture our utensils all objects in short which are not fixed in the ground would fly towards that point of the earth on which the comet had struck with the rapidity which had been communi cated to them by the earths motion that is with a rapidity of eight leagues per second one may imagine at once what would be the effect of such an event when i state that a cannon ball of 24lb even at its first departure from the mouth of the gun moves at only 1200 feet in a second in a word every ani mated being would be annihilated in one instant as to the waters of the ocean as they are moveable and as nothing binds them to the solid part of the earth they would be th,discovery,0,1,0,0,0,0,0,0,0,0,0,0,0,0,0,1,ocean,https://babel.hathitrust.org/cgi/pt?id=njp.32101059455541&seq=3524&q1=ocean
1764,"enomena
which have been remarked by geologists, and the effects pro-
duced by cataclysms on our globe.
But let us suppose by the above, or by any other cometary in-
fluence, vast portions of the continents inundated, and lofty re-
gions buried under water, is it by a violent change such as this
that the marine deposits which have been discovered on moun-
tains have been placed there? These deposits are frequently
horizontal, very extensive, very thick, very regular. The varie-
gated shells, often very small, which compose these layers, often
preserve their projections, their most delicate points, their most
fragile parts. Every thing shows the impossibility of a violent
transportation-everything proves that the deposit has been made
quietly on the spot. What remains, then, to be said to explain
observed geological phenomena, without having recourse to a
violent usurpation of the ocean? We must come to the conclu-
sion that the mountains, as well as the elevated grounds which
from and
serve them as a base, have been pushed hem. In 1694, Hal-Delivered in New Harmony Hall, on the Fourth of
from
geologists.
Ceres, Pallas, Juno, and Vesta-are these the fragments of a
large planet which has been broken by the shock of a comet ?
Planetary astronomy has been enriched since the beginning of
the present century by the discovery of four new planets, which,
not being visible to the naked eye, were unknown to ancient
observers. The e stars have been called, Ceres, Pallas, Juno,
and Vesta.",1,0.9942544102668762,isis1832_njp-32101059455541-1746735414.txt,enomena which have been remarked by geologists and the effects pro duced by cataclysms on our globe but let us suppose by the above or by any other cometary in fluence vast portions of the continents inundated and lofty re gions buried under water is it by a violent change such as this that the marine deposits which have been discovered on moun tains have been placed there these deposits are frequently horizontal very extensive very thick very regular the varie gated shells often very small which compose these layers often preserve their projections their most delicate points their most fragile parts every thing shows the impossibility of a violent transportationeverything proves that the deposit has been made quietly on the spot what remains then to be said to explain observed geological phenomena without having recourse to a violent usurpation of the ocean we must come to the conclu sion that the mountains as well as the elevated grounds which from and serve them as a base have been pushed hem in 1694 haldelivered in new harmony hall on the fourth of from geologists ceres pallas juno and vestaare these the fragments of a large planet which has been broken by the shock of a comet planetary astronomy has been enriched since the beginning of the present century by the discovery of four new planets which not being visible to the naked eye were unknown to ancient observers the e stars have been called ceres pallas juno and vesta,planetary astronomy,0,1,0,0,0,0,0,0,0,0,0,0,0,0,0,1,ocean,https://babel.hathitrust.org/cgi/pt?id=njp.32101059455541&seq=3528&q1=ocean
1914,"s; we have laid bare the bowels of
the earth, disclosed their hidden treasures, and
brought to light the past phenomena of primeval
worlds; we have passed around our globe and ex-
plored its realms and climates through the scorching
tropics to the icy barrier of the poles; we have torn
the lightning from the clouds, and jewels from the
depths of the ocean; we have bowed the elements to
our will, and, appropriating and guiding their strength,
have achieved more than the fabled exploits of demi-
gods, or the miracles of prophets and saints-we have
in truth, in ingenuity, proved ourselves magicians, in
power all but god; yet is our knowledge only igno-
rance, and our wisdom that of babes, seeing that
while exploring the universe we have left unexplored
the human heart, and while mastering the earth we
have still to master ourselves.
Oh! let us not fear, that within the atmosphere of
our own world, in the powers and wants of our own
nature, and in the woes of human life, as originating
in human error, that we may not find a field of inquiry
more than sufficient to fill our time, enchain our
thoughts, and call into action every latent faculty and
feeling of our nature.
Let, then, morals, or the science of human life, as-
sume, among a people boasting themselves free, (and
free, rightly interpreted, would mean rational,) the
place of religion. Let us, instead of speculating and
disputing where we can discover nothing, observe and
inquire where we can discover everything.
Surely it ",1,0.9916467070579528,isis1832_njp-32101059455541-1746735414.txt,s we have laid bare the bowels of the earth disclosed their hidden treasures and brought to light the past phenomena of primeval worlds we have passed around our globe and ex plored its realms and climates through the scorching tropics to the icy barrier of the poles we have torn the lightning from the clouds and jewels from the depths of the ocean we have bowed the elements to our will and appropriating and guiding their strength have achieved more than the fabled exploits of demi gods or the miracles of prophets and saintswe have in truth in ingenuity proved ourselves magicians in power all but god yet is our knowledge only igno rance and our wisdom that of babes seeing that while exploring the universe we have left unexplored the human heart and while mastering the earth we have still to master ourselves oh let us not fear that within the atmosphere of our own world in the powers and wants of our own nature and in the woes of human life as originating in human error that we may not find a field of inquiry more than sufficient to fill our time enchain our thoughts and call into action every latent faculty and feeling of our nature let then morals or the science of human life as sume among a people boasting themselves free and free rightly interpreted would mean rational the place of religion let us instead of speculating and disputing where we can discover nothing observe and inquire where we can discover everything surely it,science,0,1,0,0,0,0,0,0,0,0,0,0,0,0,0,1,ocean,https://babel.hathitrust.org/cgi/pt?id=njp.32101059455541&seq=3828&q1=ocean
1965," 1829, by Frances Wright.
THE present is an era of unparalleled interest to the
moral observer, i. e. to him who considers all occur-
rences with a view to their influence on human society.
The principle of change is in all nature, but the
principle of improvement is only (so far as observa-
tion has enabled us to ascertain) in the nature of man.
The scientific eye traces the convulsions of our
earth's solid sphere back, through millions of untold
generations, to eras lost in time, when animals of other
form from those which now move on its surface, ranged
from pole to pole, and (apparently in the absence of
man, whose organic remains seem of more recent ori-
gin) fed on another vegetable kingdom, or preyed on
each other as we now sce their successors. Or let us
observe what is passing around us in the field of exist-
ing nature: Each season brings its vicissitudes, each
passing instant its changes-in the herb, in the flower,
in the forest, in the mountain, in the jewel of the secret
mine; in the vast bed of the ocean-dividing conti-
nents, engulfing or revealing islands, approaching or
receding from its wonted boundaries, until the land-
marks of other days are no more guides to the traveller
or the mariner of these; in all the forms of matter,
whether gaseous, fluid, or solid, whether animate, or,
to our perception, inanimate; in every particle and
unit atom that fills its place, and exercises its agency,
through the endless succession of existence and dura-
tion of time. A",1,0.995844066143036,isis1832_njp-32101059455541-1746735414.txt,1829 by frances wright the present is an era of unparalleled interest to the moral observer i e to him who considers all occur rences with a view to their influence on human society the principle of change is in all nature but the principle of improvement is only so far as observa tion has enabled us to ascertain in the nature of man the scientific eye traces the convulsions of our earths solid sphere back through millions of untold generations to eras lost in time when animals of other form from those which now move on its surface ranged from pole to pole and apparently in the absence of man whose organic remains seem of more recent ori gin fed on another vegetable kingdom or preyed on each other as we now sce their successors or let us observe what is passing around us in the field of exist ing nature each season brings its vicissitudes each passing instant its changesin the herb in the flower in the forest in the mountain in the jewel of the secret mine in the vast bed of the oceandividing conti nents engulfing or revealing islands approaching or receding from its wonted boundaries until the land marks of other days are no more guides to the traveller or the mariner of these in all the forms of matter whether gaseous fluid or solid whether animate or to our perception inanimate in every particle and unit atom that fills its place and exercises its agency through the endless succession of existence and dura tion of time a,natural history,0,1,0,0,0,0,0,0,0,0,0,0,0,0,0,1,ocean,https://babel.hathitrust.org/cgi/pt?id=njp.32101059455541&seq=3930&q1=ocean
1967," seen the art of man suddenly arrest-
ing its violence, raising a barrier to its accumulated
waters, and bordering its now mastered and innocuous
deluge with the richest productions of human cultiva-
tion. And what we may trace in progress in our own
western regions, we perceive to have taken place
throughout the habited globe. It is man alone, of all
the beings we behold, that hath faculties to distinguish
the alterable phenomena of nature, and power to at-
tempt reform where he distinguishes defect.
Mighty, indeed, are the powers of the human
animal. Through earth, through air, through ocean,
his influence extends. The stamp of his genius is im-
pressed on the whole surface of the globe. Land and sea,
vale and mountain, the howling wilderness of earth's
civilized frontier, the scorched desert of simoom-
swept Africa, the storm-besieged coast and boundless
fields of ocean's restless waters, the glaciers of the
poles, the iced peaks of Alps and towering Andes-
all nature's deep recesses, most stupendous features,
and hidden phenomena, bear witness to his restless
activity, to his dauntless daring, to his aspiring curio-
sity-to his conquering perseverance.
We may be bold to say, that wherever man hath
pierced, and whatever he hath essayed (not absolutely
in contradiction with those unvarying phenomena of
matter to which he has given, albeit inaccurately, the
name of laws,)—wherever he hath been, and whatever
he hath essayed with steady purpose, there, and in
that, he has been",1,0.9958100318908693,isis1832_njp-32101059455541-1746735414.txt,seen the art of man suddenly arrest ing its violence raising a barrier to its accumulated waters and bordering its now mastered and innocuous deluge with the richest productions of human cultiva tion and what we may trace in progress in our own western regions we perceive to have taken place throughout the habited globe it is man alone of all the beings we behold that hath faculties to distinguish the alterable phenomena of nature and power to at tempt reform where he distinguishes defect mighty indeed are the powers of the human animal through earth through air through ocean his influence extends the stamp of his genius is im pressed on the whole surface of the globe land and sea vale and mountain the howling wilderness of earths civilized frontier the scorched desert of simoom swept africa the stormbesieged coast and boundless fields of oceans restless waters the glaciers of the poles the iced peaks of alps and towering andes all natures deep recesses most stupendous features and hidden phenomena bear witness to his restless activity to his dauntless daring to his aspiring curio sityto his conquering perseverance we may be bold to say that wherever man hath pierced and whatever he hath essayed not absolutely in contradiction with those unvarying phenomena of matter to which he has given albeit inaccurately the name of lawswherever he hath been and whatever he hath essayed with steady purpose there and in that he has been,human nature,0,2,1,0,0,0,0,0,0,0,0,0,0,0,0,2,"ocean, sea",https://babel.hathitrust.org/cgi/pt?id=njp.32101059455541&seq=3934&q1=ocean
1969,"ed by his industry. We perceive, plied to the ornamental arts? Look to the architec-
through his means, a similar melioration to take place ture and sculpture of Athens, the paintings of modern
in the earth's atmosphere and climates. Where his Italy, and all the brilliant, though ofttimes, useless
care and judicious cultivation extend, winter recedes, magnificence of ancient and modern empires. Have
and its rigors diminish; fogs and miasmata disappear, they addressed themselves to science? to commerce?
and the drained morass, now a smiling champaign, to manufactures? Mark the rapid discoveries in
yields its rich produce, under a pure sky, to tribes of every branch of knowledge; the fleets which cover
intelligent beings. We see, too, races of animals im- the ocean, the wonderful inventions in mechanics, and
proving in beauty and in instinct: the dog appears applications of machinery. Have they sought spi-
with quicker scent and livelier sagacity; the horse ritual dominion? Note the rise of the priesthood of
with finer proportions, nobler stature, and redoubled every nation, from the Bramin, Hierophant, and Le-
speed. We see the fruits of earth change under his vite, of India, Egypt, and Judea, to the apostles,
hand. The golden grain swell in size, and increase in fathers, bishops, popes, jesuits, and many coloured
weight and nutriment; the apple, the peach, the priests of christendom. These last, in monarchies,
grape, supersede the crude berries of the forest; and have proved ",1,0.9948254823684692,isis1832_njp-32101059455541-1746735414.txt,ed by his industry we perceive plied to the ornamental arts look to the architec through his means a similar melioration to take place ture and sculpture of athens the paintings of modern in the earths atmosphere and climates where his italy and all the brilliant though ofttimes useless care and judicious cultivation extend winter recedes magnificence of ancient and modern empires have and its rigors diminish fogs and miasmata disappear they addressed themselves to science to commerce and the drained morass now a smiling champaign to manufactures mark the rapid discoveries in yields its rich produce under a pure sky to tribes of every branch of knowledge the fleets which cover intelligent beings we see too races of animals im the ocean the wonderful inventions in mechanics and proving in beauty and in instinct the dog appears applications of machinery have they sought spi with quicker scent and livelier sagacity the horse ritual dominion note the rise of the priesthood of with finer proportions nobler stature and redoubled every nation from the bramin hierophant and le speed we see the fruits of earth change under his vite of india egypt and judea to the apostles hand the golden grain swell in size and increase in fathers bishops popes jesuits and many coloured weight and nutriment the apple the peach the priests of christendom these last in monarchies grape supersede the crude berries of the forest and have proved,industry,0,1,0,0,0,0,0,0,0,0,0,0,0,0,0,1,ocean,https://babel.hathitrust.org/cgi/pt?id=njp.32101059455541&seq=3938&q1=ocean
2538," away from us: he lives
on dry land as well as in the sea or in the Heaven,
and he has very great influence both in church and
state.
the Dragon who has the crowned heads, is the great
intellectual mover or mind; whilst the Beast with his
crowned horns, is the mere agent or instrument by whom
the purposes and designs of the seven heads are
carried into execution, and the invisibility of the
Dragon very accurately corresponds with the secrecy
of mind, whose existence is only inferred or demons-
trated from the outward operations of the body or the
Beast. This Dragon or Beast, as I have already
told you,
inhabits the land as well as the Heaven
and the water, and as we are all of us much better
acquainted with land animals than celestial or marine,
I shall first proceed to show you this formidable
monster, as he moves about amongst ourselves on terra
firma. This monster I have often seen with mine own
eyes, as the saying is. I have handled him and con-
versed with him. He has frowned upon me and
smiled upon me with all his seven heads; he has
grinned, and stormed, and laughed, and joked in my
company. I have taken him by the horns with im-
punity, and tamed him with soft words to which he
has replied with equal urbanity.
has replied with equal urbanity. And now I sball
introduce you personally to the Dragon, the Beast,
that old serpent called the Devil and Satan.
The seven heads of the Devil are of course the
organs by which he thinks and acquires knowledge;
for we are not to su",1,0.9949252605438232,isis1832_njp-32101059455541-1746735414.txt,away from us he lives on dry land as well as in the sea or in the heaven and he has very great influence both in church and state the dragon who has the crowned heads is the great intellectual mover or mind whilst the beast with his crowned horns is the mere agent or instrument by whom the purposes and designs of the seven heads are carried into execution and the invisibility of the dragon very accurately corresponds with the secrecy of mind whose existence is only inferred or demons trated from the outward operations of the body or the beast this dragon or beast as i have already told you inhabits the land as well as the heaven and the water and as we are all of us much better acquainted with land animals than celestial or marine i shall first proceed to show you this formidable monster as he moves about amongst ourselves on terra firma this monster i have often seen with mine own eyes as the saying is i have handled him and con versed with him he has frowned upon me and smiled upon me with all his seven heads he has grinned and stormed and laughed and joked in my company i have taken him by the horns with im punity and tamed him with soft words to which he has replied with equal urbanity has replied with equal urbanity and now i sball introduce you personally to the dragon the beast that old serpent called the devil and satan the seven heads of the devil are of course the organs by which he thinks and acquires knowledge for we are not to su,theology,0,0,1,0,0,0,0,0,0,0,0,0,0,0,0,1,sea,https://babel.hathitrust.org/cgi/pt?id=njp.32101059455541&seq=5076&q1=sea
2756,"oofs of a mare. We
have no fishes on dry land, or fowls swimming in the
No wings upon quadrupeds, nor fins and scales
on the back of a dog or pigeon. And why does nature
make a fish after one model, a fowl after another
model, and a quadruped or land animal after another
model? Because nature is wise, and what is wisdom?
It is intelligence. And what is intelligence? It is con-
sciousness; and what is consciousness but distinct
and individual existence?
sea.
But some will reply that the laws of nature or
matter, produce all these effects, and in this they
are certainly correct. But the question is, whether
do the laws reside in the body or in the mind, and
what are these laws? To these questions we cannot
reply; all that we can say is, that there are such
things as laws of nature, invariable, unchangeable,
and farther than this we cannot go; and that these
Jaws produce works of infinite variety and wisdom,
and magnificence, by their operations upon matter;
and that so exquisite have been their contrivances and
workmanship hitherto, that we can set no bounds or
limits to their skill and execution in time to come.
These laws are the very excess of grandeur, sublimity,
and skill; in contrivance and execution there is no-
thing so beautiful that they cannot bring it forth,
nothing so ingenious that they cannot invent. But
no man ever saw these laws, or heard them, or felt
them. They are invisible, they are mind; and how
can we prove that they are mind? By the method
and skill whic",1,0.99602472782135,isis1832_njp-32101059455541-1746735414.txt,oofs of a mare we have no fishes on dry land or fowls swimming in the no wings upon quadrupeds nor fins and scales on the back of a dog or pigeon and why does nature make a fish after one model a fowl after another model and a quadruped or land animal after another model because nature is wise and what is wisdom it is intelligence and what is intelligence it is con sciousness and what is consciousness but distinct and individual existence sea but some will reply that the laws of nature or matter produce all these effects and in this they are certainly correct but the question is whether do the laws reside in the body or in the mind and what are these laws to these questions we cannot reply all that we can say is that there are such things as laws of nature invariable unchangeable and farther than this we cannot go and that these jaws produce works of infinite variety and wisdom and magnificence by their operations upon matter and that so exquisite have been their contrivances and workmanship hitherto that we can set no bounds or limits to their skill and execution in time to come these laws are the very excess of grandeur sublimity and skill in contrivance and execution there is no thing so beautiful that they cannot bring it forth nothing so ingenious that they cannot invent but no man ever saw these laws or heard them or felt them they are invisible they are mind and how can we prove that they are mind by the method and skill whic,intelligent design,0,0,1,0,0,0,0,0,0,0,0,0,0,0,0,1,sea,https://babel.hathitrust.org/cgi/pt?id=njp.32101059455541&seq=5512&q1=sea
2793," one of the candles and its aperture a little farther
off, and you find a black spot where the two rays
meet, showing that the two rays of light uniting toge
ther produce darkness. When, however, the candle
which is shifted comes to a certain distance, the white
spot appears again, and twice that distance it appears
again, and thrice that distance again, and so on for
ever in the same proportion; but if instead of taking
twice the distance, three times, or four times (a
full number), you take one-half the distance or one
half or two and a third, or any fractional part, you pro-
duce a black spot or darkness again. This is called, by
opticians the law of interference, and proves that two
rays of light can neutralize each other, and produce
darkness, which is not less wonderful than that two
species of heat or electric fire uniting together should
produce cold. Indeed, it may be considered as a proof
of the accuracy of this supposition, for there is such a
family likeness throughout all the departments of nature,
that analogy may safely be received as demonstration
where facts cannot be procured.
There is a geographical Trinity which is familiar to
you all, which is created by the inclination of the
axis of the earth to the plane of the ecliptic. This
consists of the three zones of the earth. The torrid
zone, where the sun appears vertical once a year; the
temperate zone, where he declines toward the horizon;
and the frigid zone, where he disappears altogether in
the winter sea",1,0.9955958724021912,isis1832_njp-32101059455541-1746735414.txt,one of the candles and its aperture a little farther off and you find a black spot where the two rays meet showing that the two rays of light uniting toge ther produce darkness when however the candle which is shifted comes to a certain distance the white spot appears again and twice that distance it appears again and thrice that distance again and so on for ever in the same proportion but if instead of taking twice the distance three times or four times a full number you take onehalf the distance or one half or two and a third or any fractional part you pro duce a black spot or darkness again this is called by opticians the law of interference and proves that two rays of light can neutralize each other and produce darkness which is not less wonderful than that two species of heat or electric fire uniting together should produce cold indeed it may be considered as a proof of the accuracy of this supposition for there is such a family likeness throughout all the departments of nature that analogy may safely be received as demonstration where facts cannot be procured there is a geographical trinity which is familiar to you all which is created by the inclination of the axis of the earth to the plane of the ecliptic this consists of the three zones of the earth the torrid zone where the sun appears vertical once a year the temperate zone where he declines toward the horizon and the frigid zone where he disappears altogether in the winter sea,optics,0,0,1,0,0,0,0,0,0,0,0,0,0,0,0,1,sea,https://babel.hathitrust.org/cgi/pt?id=njp.32101059455541&seq=5586&q1=sea
2845,"is as much as to say that Christ or the
blances of living nature. But science is more church contains, or means, the universe; and that he
spiritual, more mental-its province is to analyse na- is to be found characterised in the heavens and the
ture and investigate causes; to observe phenomena, earth, by the very same features under which he is
to collect facts, and upon these facts to establish depicted in the Scriptures. These features are now
principles, by which principles the various depart- being discovered. The Rev. Mr. Taylor has brought
ments of nature are discriminated, her operations to light many beautiful resemblances in the astrono-
systematically arranged, and the laws by which she mical heavens. There we see the twelve patriarchs,
regulates her movements sought out and revealed to the twelve tribes, and the twelve Apostles of the
the inquiring mind. In this department of mental Lamb, in the twelve constellations or signs of the
exertion, the ancients had made no progress. All zodiac. These form a girdle or belt round the globe
their philosophical productions are deformed by the or celestial sphere, like the twelve ribs of the human
grossest ignorance of general nature. Their astronomy body, which inclose the vital organs. These corres-
was false in its very first principles. Pythagoras pond with the twelve months of the solar year, which
guessed the truth, but could not demonstrate it, for in may also be called thirteen, seeing there are thirteen
his day trigo",1,0.9952166080474854,isis1832_njp-32101059455541-1746735414.txt,is as much as to say that christ or the blances of living nature but science is more church contains or means the universe and that he spiritual more mentalits province is to analyse na is to be found characterised in the heavens and the ture and investigate causes to observe phenomena earth by the very same features under which he is to collect facts and upon these facts to establish depicted in the scriptures these features are now principles by which principles the various depart being discovered the rev mr taylor has brought ments of nature are discriminated her operations to light many beautiful resemblances in the astrono systematically arranged and the laws by which she mical heavens there we see the twelve patriarchs regulates her movements sought out and revealed to the twelve tribes and the twelve apostles of the the inquiring mind in this department of mental lamb in the twelve constellations or signs of the exertion the ancients had made no progress all zodiac these form a girdle or belt round the globe their philosophical productions are deformed by the or celestial sphere like the twelve ribs of the human grossest ignorance of general nature their astronomy body which inclose the vital organs these corres was false in its very first principles pythagoras pond with the twelve months of the solar year which guessed the truth but could not demonstrate it for in may also be called thirteen seeing there are thirteen his day trigo,astronomy,0,0,0,0,0,1,0,0,0,0,0,0,0,0,0,1,pond,https://babel.hathitrust.org/cgi/pt?id=njp.32101059455541&seq=5690&q1=pond
